english,spanish
a.m.,a.m.
abandon,abandonar
abandoned,abandonó
abandoned,abandonado
abandonment,abandono
abilities,habilidades
ability,habilidad
abnormal,anormal
absence,ausencia
absent,ausente
absolute,absoluto
absolutely,absolutamente
absorb,absorber
abstract,abstracto
absurd,absurdo
abundance,abundancia
abundant,abundante
abuse,abuso
abuse,abusar
abyss,abismo
academic,académico
academy,academia
accent,acento
accept,aceptar
acceptable,aceptable
acceptance,aceptación
accepted,aceptó
accepted,aceptado
accepts,acepta
access,acceso
access,acceder
accessible,accesible
accident,accidente
accidental,accidental
accidentally,accidentalmente
accidents,accidentes
accommodate,acomodar
accommodation,acomodación
accompanied,acompañó
accompanied,acompañado
accompany,acompañar
accomplice,cómplice
accomplices,cómplices
accord,acuerdo
accumulate,acumular
accuse,acusar
accused,acusó
accused,acusado
accustomed,acostumbrado
acid,ácido
acquire,adquirir
acquired,adquirió
acquired,adquirido
acquires,adquiere
acquisition,adquisición
act,acto
act,acta
act,actuar
acting,actuando
action,acción
actions,acciones
active,activo
actively,activamente
activist,activista
activities,actividades
activity,actividad
actor,actor
actors,actores
actress,actriz
acts,actos
acts,actúa
Adam,Adán
adapt,adaptar
adaptation,adaptación
addiction,adicción
addition,adición
additional,adicional
adequate,adecuado
adequately,adecuadamente
adjacent,adyacente
adjective,adjetivo
adjust,ajustar
adjustment,ajuste
administration,administración
administrative,administrativo
administrator,administrador
admirable,admirable
admiration,admiración
admire,admirar
admission,admisión
admit,admitir
admitted,admitió
admitted,admitido
adolescence,adolescencia
adolescent,adolescente
adolescents,adolescentes
adopt,adoptar
adopted,adoptó
adopted,adoptado
adoption,adopción
adult,adulto
adults,adultos
advance,avance
advance,avanzar
advanced,avanzó
advanced,avanzado
advances,avances
advances,avanza
advantage,ventaja
advantage,aventajar
advantages,ventajas
advantages,aventaja
adventure,aventura
adventure,aventurar
adventures,aventuras
adversary,adversario
aesthetic,estético
affect,afectar
affected,afectó
affected,afectado
affection,afecto
affections,afectos
affects,afecta
affirm,afirmar
affirmed,afirmó
affirms,afirma
Africa,áfrica
agencies,agencias
agency,agencia
agenda,agenda
agent,agente
agents,agentes
aggravation,agravio
aggression,agresión
aggressive,agresivo
agile,ágil
agony,agonía
agricultural,agrícola
agriculture,agricultura
air,aire
airline,aerolínea
airport,aeropuerto
alarm,alarma
alarm,alarmar
alarms,alarma
album,álbum
alcohol,alcohol
alcoholic,alcohólico
alert,alerta
alert,alertar
aliment,alimento
alimentation,alimentación
aliments,alimentos
alliance,alianza
alphabet,alfabeto
alphabetical,alfabético
alphabetically,alfabéticamente
altar,altar
alter,alterar
alteration,alteración
altered,alteró
altered,alterado
alternative,alternativo
alternative,alternativa
alternatively,alternativamente
alternatives,alternativas
amateur,amateur
ambassador,embajador
ambassador,embajador
ambience,ambiente
ambiguity,ambigüedad
ambiguous,ambiguo
ambit,ámbito
ambition,ambición
ambition,ambicionar
ambulance,ambulancia
America,América
American,americano
Americans,americanos
ample,amplio
analogy,analogía
analyse,analizar
analysis,análisis
analyst,analista
angel,ángel
angels,ángeles
angle,ángulo
animal,animal
animals,animales
anniversary,aniversario
announce,anunciar
announced,anunció
announced,anunciado
announcement,anuncio
announces,anuncia
annual,anual
annually,anualmente
antecedents,antecedentes
anticipate,anticipar
anticipation,anticipación
anxiety,ansiedad
anxious,ansioso
anxiously,ansiosamente
apart,aparte
apartment,apartamento
apparatus,aparato
apparent,aparente
apparently,aparentemente
appear,aparecer
appearance,apariencia
appeared,apareció
appeared,aparecido
appears,aparece
appendix,apéndice
appetite,apetito
applauses,aplausos
application,aplicación
applications,aplicaciones
applied,aplicó
applied,aplicado
applies,aplica
apply,aplicar
applying,aplicando
appreciate,apreciar
appreciation,apreciación
appropriate,apropiado
appropriate,apropiar
appropriated,apropiado
approval,aprobación
approve,aprobar
approved,aprobó
approved,aprobado
approving,aprobando
approximate,aproximado
approximate,aproximar
approximately,aproximadamente
April,abril
Arab,árabe
Arabesque,árabe
Arabian,árabe
Arabic,árabe
Arabs,árabes
arbitrary,arbitrario
arch,arco
architect,arquitecto
architecture,arquitectura
area,área
areas,áreas
Argentina,Argentina
Argentine,Argentino
Argentinean,Argentino
arm,arma
arm,armar
armed,armó
armed,armado
arms,armas
aroma,aroma
arrest,arrestar
arrested,arrestó
arrested,arrestado
arrival,arribo
arrive,arribar
arrived,arribó
arrived,arribado
art,arte
article,articulo
articles,artículos
artificial,artificial
artificially,artificialmente
artist,artista
artistic,artístico
artists,artistas
arts,artes
Asia,Asia
aspect,aspecto
aspects,aspectos
assassin,asesino
assassination,asesinato
assault,asalto
assault,asaltar
assembly,asamblea
assign,asignar
assist,asistir
assistance,asistencia
assistant,asistente
associate,asociado
associate,asociar
associated,asoció
associated,asociado
association,asociación
associations,asociaciones
assume,asumir
assumed,asumió
assumed,asumido
assuming,asumiendo
astronomy,astronomía
astute,astuto
atmosphere,atmósfera
atom,átomo
atomic,atómico
attack,ataque
attack,atacar
attacked,atacó
attacked,atacado
attacks,ataques
attacks,ataca
attention,atención
attentive,atento
attitude,actitud
attitudes,actitudes
attract,atraer
attracted,atrajo
attracted,atraído
attraction,atracción
attractive,atractivo
attribute,atributo
attribute,atribuir
audience,audiencia
audit,auditoria
audit,auditar
Aug.,ago.
augment,aumentar
augmentation,aumento
augments,aumenta
August,agosto
aurora,aurora
Austria,Austria
author,autor
authorisation,autorización
authorities,autoridades
authority,autoridad
authors,autores
auto,auto
automatic,automático
automatically,automáticamente
automobile,automóvil
automobiles,automóviles
auxiliary,auxiliar
avenue,avenida
babe,bebé
babies,bebes
baby,bebe
bacteria,bacteria
balance,balance
balance,balancear
balanced,balanceó
balanced,balanceado
balconies,balcones
balcony,balcón
banana,banana
band,banda
bank,banco
banker,banquero
banks,bancos
banquet,banquete
bar,bar
bar,barra
barbarian,bárbaro
barbarians,bárbaros
barber,barbero
barrel,barril
barrier,barrera
barriers,barreras
bars,bares
bars,barras
base,base
base,basar
baseball,béisbol
based,basó
based,basado
bases,bases
bases,basa
basic,básico
basically,básicamente
basis,bases
bastard,bastardo
bat,bate
battery,batería
benediction,bendición
benefactor,benefactor
beneficial,beneficioso
benefit,beneficio
benefit,beneficiar
benefits,beneficios
benefits,beneficia
Bible,Biblia
bicycle,bicicleta
biological,biológico
biology,biología
block,bloque
block,bloquear
blocked,bloqueó
blocked,bloqueado
blocks,bloques
blocks,bloquea
board,abordar
boards,aborda
boat,bote
boats,botes
Bolivia,Bolivia
bomb,bomba
bomb,bombardear
bombs,bombas
bonus,bono
boot,bota
boots,botas
border,borde
bottle,botella
bottles,botellas
boxing,boxeo
Brazil,Brasil
Brazilian,brasileño
breeze,brisa
brigade,brigada
brilliant,brillante
Britain,Great
Gran,Bretaña
British,británico
bronze,bronce
brutal,brutal
bus,bus
button,botón
cable,cable
cadaver,cadáver
cadavers,cadáveres
café,café
cake,cake
calcium,calcio
calculate,calcular
calculated,calculó
calculated,calculado
calculation,calculo
calculations,cálculos
calculator,calculadora
calendar,calendario
calm,calma
calm,calmar/calmarse
calmly,calmadamente
camera,cámara
cameras,cámaras
camp,acampar
campaign,campaña
camping,acampando
canal,canal
canals,canales
cancel,cancelar
cancer,cáncer
candidate,candidato
candidates,candidatos
capacity,capacidad
capital,capital
capitalism,capitalismo
capitals,capitales
captain,capitán
captains,capitanes
capture,capturar
car,carro/auto
carbon,carbono
carbonate,carbonato
career,carrera
careers,carreras
cargo,carga
Caribbean,The
Caribe,El
carnival,carnaval
carpenter,carpintero
cars,carros/autos
case,caso
cases,casos
castigate,castigar
castigation,castigo
castle,castillo
casual,casual
catalogue,catalogar
catastrophe,catástrofe
categories,categorías
category,categoría
cathedral,catedral
Catholic,católico
Catholics,católicos
cause,causa
cause,causar
caused,causó
caused,causado
causes,causas
causes,causa
causing,causando
CD,CD
celebrate,celebrar
celebration,celebración
cell,célula
cells,células
cellular,celular
cemetery,cementerio
censure,censurar
cent,centavo
centimetre,centímetro
central,central
centre,centro
centre,centrar
centres,centros
centres,centra
cents,centavos
centuries,centurias
century,centuria
ceremonies,ceremonias
ceremony,ceremonia
certificate,certificado
certified,certificado
champion,campeón
chance,chance
chances,chances
chaos,caos
character,carácter
characterise,caracterizar
characterises,caracteriza
characteristic,característica
characteristics,características
characters,caracteres
chat,chatear
chauffeur,chofer
check,chequear
checked,chequeó
checked,chequeado
chemical,químico
cheque,cheque
Chile,Chile
Chilean,chileno
chimney,chimenea
China,China
Chinese,chino
chip,chip
chocolate,chocolate
cholera,cólera
Christ,Cristo
Christian,cristiano
Christians,cristianos
chronicle,crónica
cigarette,cigarrillo
cigarettes,cigarrillos
cinema,cine
circle,circulo
circles,círculos
circuit,circuito
circular,circular
circulation,circulación
circumstance,circunstancia
circumstances,circunstancias
circus,circo
cite,citar
cites,cita
civic,cívico
civil,civil
civilian,civil
civilians,civiles
civilisation,civilización
clarify,clarificar
clarity,claridad
class,clase
classes,clases
classic,clásico
classical,clásico
classics,clásicos
classification,clasificación
clear,claro
clear,aclarar
cleared,aclaró
cleared,aclarado
clearly,claramente
click,click
client,cliente
clients,clientes
climate,clima
clinic,clínica
clinical,clínico
closet,closet
club,club
clubs,clubes
coalition,coalición
coast,costa
coasts,costas
cocaine,cocaína
coconut,coco
code,código
coffee,café
coherent,coherente
coincide,coincidir
cola,cola
collaboration,colaboración
collapse,colapso
collapse,colapsar
collar,collar
colleague,colega
colleagues,colegas
collect,coleccionar
collected,coleccionó
collected,coleccionado
collection,colección
collective,colectivo
collector,coleccionador
cologne,colonia
Colombia,Colombia
colonel,coronel
colonial,colonial
colonies,colonias
colony,colonia
colossal,colosal
colour,color
colour,colorear
coloured,coloreó
coloured,coloreado
colours,colores
colours,colorea
column,columna
columns,columnas
coma,coma
combat,combate
combat,combatir
combatant,combatiente
combatants,combatientes
combination,combinación
combine,combinar
combined,combinó
combined,combinado
combining,combinando
combustible,combustible
comedy,comedia
comfort,confortar
comfortable,confortable/cómodo
comfortably,confortablemente
comma,coma
commander,comandante
commence,comenzar
commenced,comenzó
commences,comienza
commencing,comenzando
comment,comentario
comment,comentar
commentator,comentador
commented,comentó
comments,comentarios
comments,comenta
commerce,comercio
commercial,comercial
commission,comisión
commission,comisionar
commissioner,comisionado
commissions,comisiones
commit,cometer
committed,cometió
committed,cometido
committee,comité
committees,comités
common,común
commonly,comúnmente
communicate,comunicar
communication,comunicación
communications,comunicaciones
communist,comunista
communists,comunistas
communities,comunidades
community,comunidad
companies,compañías
company,compañía
comparable,comparable
comparative,comparativo
compare,comparar
compared,comparó
compared,comparado
comparison,comparación
compassion,compasión
compatible,compatible
compatriots,compatriotas
compensate,compensar
compensation,compensación
compete,competir
competence,competencia
competent,competente
competition,competición
competitive,competitivo
competitor,competidor
compile,compilar
complement,complemento
complement,complementar
complete,completo
complete,completar
completed,completó
completed,completado
completely,completamente
complex,complejo
complicate,complicar
complicated,complicó
complicated,complicado
complication,complicación
complicity,complicidad
component,componente
components,componentes
compose,componer
composed,compuso
composed,compuesto
composer,compositor
composition,composición
comprehend,comprender
comprehended,comprendió
comprehended,comprendido
comprehends,comprende
comprehension,comprensión
compute,computar
computer,computadora
computers,computadoras
computing,computación
concede,conceder
conceded,concedido
concedes,concede
conceive,concebir
concentrate,concentrar
concentrated,concentró
concentrated,concentrado
concentration,concentración
concept,concepto
conception,concepción
concepts,conceptos
concert,concierto
conclude,concluir
concluded,concluso
concluded,concluyó
concluded,concluido
conclusion,conclusión
conclusions,conclusiones
concrete,concreto
concrete,concretar
condemn,condenar
condemned,condenado
condemns,condena
condition,condición
condition,condicionar
conditions,condiciones
conditions,condiciona
conduct,conducta
conduct,conducir
conducted,condujo
conducted,conducido
conducts,conductas
conducts,conduce
confer,conferir
conference,conferencia
conferences,conferencias
confess,confesar
confessed,confesó
confine,confinar
confined,confinó
confined,confinado
confirm,confirmar
confirmed,confirmó
confirmed,confirmado
conflict,conflicto
conflicts,conflictos
conform,conformar
conformity,conformidad
confront,confrontar
confuse,confundir
confused,confundido
confused,confundió
confused,confundido
confusing,confuso
confusion,confusión
congress,congreso
conjunction,conjunción
connect,conectar
connected,conectó
connected,conectado
connection,conexión
conquer,conquistar
conquers,conquista
conscience,conciencia
conscious,conciente
consensus,consenso
consent,consentimiento
consent,consentir
consequence,consecuencia
consequences,consecuencias
consequent,consecuente
consequently,consecuentemente
conservation,conservación
conservative,conservador
conserve,conservar
conserves,conserva
consider,considerar
considerable,considerable
considerably,considerablemente
considerate,considerado
consideration,consideración
considerations,consideraciones
considered,consideró
considered,considerado
considering,considerando
considers,considera
consist,consistir
consistent,consistente
consistently,consistentemente
consists,consiste
constant,constante
constantly,constantemente
constitute,constituir
constituted,constituido
constitutes,constituye
constitution,constitución
constitutional,constitucional
construct,construir
constructed,construyó
constructed,construido
construction,construcción
consul,cónsul
consult,consultar
consultant,consultor
consultation,consultación
consults,consulta
consume,consumir
consumer,consumidor
consumers,consumidores
consumption,consumo
contact,contacto
contact,contactar
contacts,contactos
contacts,contacta
contain,contener
contained,contuvo
contained,contenido
container,contenedor
containing,conteniendo
contains,contiene
contemplate,contemplar
contemplates,contempla
contemplating,contemplando
contemplation,contemplación
contemporary,contemporáneo
content,contenido
contents,contenidos
context,contexto
continent,continente
continual,continuo
continually,continuamente
continuation,continuación
continue,continuar
continued,continuo
continued,continuado
continued,continuó
continues,continua
continuing,continuando
continuity,continuidad
continuous,continuo
continuously,continuamente
contract,contrato
contract,contraer
contract,contratar
contracts,contratos
contracts,contrae
contracts,contrata
contradict,contradecir
contrary,contrario
contrast,contraste
contrast,contrastar
contrasting,contrastando
contribute,contribuir
contributed,contribuyó
contributed,contribuido
contribution,contribución
contributions,contribuciones
control,control
control,controlar
controlled,controló
controlled,controlado
controller,controlador
controls,controles
controls,controla
controversial,controversial
controversy,controversia
convenience,conveniencia
convenient,conveniente
convent,convento
convention,convención
conventional,convencional
conversation,conversación
conversations,conversaciones
converse,conversar
conversion,conversión
convert,convertir
converted,convirtió
converted,convertido
converts,convierte
conviction,convicción
convince,convencer
convinced,convenció
convinced,convencido
cooperate,cooperar
cooperation,cooperación
coordinate,coordinar
coordination,coordinación
copies,copias
copies,copia
copy,copia
copy,copiar
cord,cordón
cordillera,cordillera
corporate,corporativo
corporation,corporación
correct,correcto
correct,corregir
correction,corrección
correctly,correctamente
correspond,corresponder
correspondence,correspondencia
correspondent,corresponsal
corresponding,correspondiente
corresponds,corresponde
corridor,corredor
corridors,corredores
corruption,corrupción
cost,costo
cost,costado
cost,costó
cost,costar
costs,costos
costs,cuesta
count,contar
countable,contable
counted,contó
counted,contado
counting,contando
courage,coraje
course,curso
courses,cursos
court,corte
courtesy,cortesía
courts,cortes
cover,cubierta
cover,cubrir
covered,cubrió
covered,cubierto
covering,cubriendo
covers,cubiertas
covers,cubre
coward,cobarde
cowardly,cobardemente
cream,crema
create,crear
created,creó
created,creado
creates,crea
creating,creando
creation,creación
creative,creativo
creator,creador
creature,criatura
creatures,criaturas
credit,crédito
credits,créditos
credo,credo
crepuscule,crepúsculo
crescent,creciente
cricket,críquet
crime,crimen
crimes,crímenes
criminal,criminal
crisis,crisis
criteria,criterios
criterion,criterio
critic,crítico
critical,crítico
criticise,criticar
criticism,criticismo
criticism,crítica
critics,críticos
cross,cruz
cross,cruzar
crossed,cruzó
crossed,cruzado
crosses,cruza
crossing,cruzando
crucial,crucial
cruel,cruel
cruelty,crueldad
crystal,de
cristal,crystal
cristal,crystals
cristales,Cuba
Cuba,Cuban
Cubano,cuisine
cocina,cult
culto,cultivate
cultivar,cultural
cultural,culture
cultura,cup
copa,cups
copas,cure
cura,cure
curar,cures
curas,cures
cura,curiosity
curiosidad,curious
curioso,curiously
curiosamente,current
corriente,current
corriente,curriculum
curriculum,curtain
cortina,curtains
cortinas,curve
curva,curve
curvar,curved
curvó,curved
curvado,custom
costumbre,customs
costumbres,cycle
ciclo,cylinder
cilindro,dance
danzar,dancing
danzando,data
datos,database
base,de
datos,day
día,days
días,debate
debate,debate
debatir,debates
debate,debtor
deudor,Dec.
dic.,decade
década,decades
décadas,December
diciembre,decent
decente,decide
decidir,decided
decidió,decided
decidido,decides
decide,decision
decisión,decisions
decisiones,decisive
decisivo,declaration
declaración,declarations
declaraciones,declare
declarar,declared
declaró,declared
declarado,declares
declara,decline
declive,decline
declinar,decorate
decorar,decoration
decoración,decorative
decorativo,decree
decreto,dedicate
dedicar,dedicated
dedicó,dedicated
dedicado,defect
defecto,defects
defectos,defence
defensa,defend
defender,defender
defensor,defense
defensa,deficit
déficit,n
define,definir
defined,definió
defined,definido
definite,definido
definitely,definidamente
definition,definición
definitive,definitivo
definitively,definitivamente
delegate,delegado
delegate,delegar
delegation,delegación
deliberate,deliberado
deliberate,deliberar
deliberately,deliberadamente
delicate,delicado
delirium,delirio
demand,demanda
demand,demandar
demanded,demandó
demanded,demandado
demanding,demandando
demands,demandas
demands,demanda
democracy,democracia
democratic,democrático
democrats,demócratas
demon,demonio
demons,demonios
demonstrate,demostrar
demonstrated,demostró
demonstrated,demostrado
demonstrates,demuestra
demonstration,demostración
denote,denotar
dense,denso
density,densidad
dentist,dentista
denunciation,denuncia
department,departamento
departmental,departamental
departments,departamentos
depend,depender
dependence,dependencia
dependent,dependiente
depending,dependiendo
depends,depende
deposit,deposito
deposit,depositar
deposits,depósitos
depression,depresión
derive,derivar
derived,derivó
derived,derivado
descend,descender
descendants,descendientes
describe,describir
described,describió
described,descrito
describes,describe
description,descripción
descriptive,descriptivo
desert,desierto
desert,desertar
deserted,desertó
deserts,desiertos
desperate,desesperado
desperately,desesperadamente
desperation,desesperación
destination,destino
destined,destinado
destroy,destruir
destroyed,destruyó
destroyed,destruido
destruction,destrucción
destructive,destructivo
detect,detectar
detective,detective
determination,determinación
determine,determinar
determined,determinó
determined,determinado
determines,determina
deviate,desviar
devote,devoto
devoted,devoto
diagram,diagrama
diagram,diagramar
dialogue,diálogo
diameter,diámetro
diamond,diamante
diary,diario
dictionary,diccionario
diet,dieta
differ,diferir
difference,diferencia
differences,diferencias
different,diferente
differentiate,diferenciar
differently,diferentemente
difficult,difícil
difficulties,dificultades
difficulty,dificultad
dignity,dignidad
diligence,diligencia
dimension,dimensión
diminution,disminución
diplomat,diplomático
diplomatic,diplomático
direct,directo
direct,dirigir
directed,dirigió
directed,dirigido
directly,directamente
director,director
directors,directores
directs,dirige
disadvantage,desventaja
disappear,desaparecer
disappearance,desaparición
disappeared,desapareció
disappeared,desaparecido
disappears,desaparece
disapproval,desaprobación
disapprove,desaprobar
disapproving,desaprobando
disaster,desastre
disc,disco
disciples,discípulos
discipline,disciplina
discipline,disciplinar
disco,disco
discount,descuento
discount,descontar
discourse,discurso
discourses,discursos
discover,descubrir
discovered,descubrió
discovered,descubierto
discovers,descubre
discovery,descubrimiento
discreet,discreto
discretion,discreción
discrimination,discriminación
discuss,discutir
discussed,discutió
discussed,discutido
discussing,discutiendo
discussion,discusión
discussions,discusiones
dishonest,deshonesto
dishonestly,deshonestamente
disk,disco
disorder,desorden
dispatch,despacho
dispute,disputa
dispute,disputar
disputes,disputa
dissimulate,disimular
dissolve,disolver
distance,distancia
distance,distanciar
distances,distancia
distant,distante
distinct,distinto
distinction,distinción
distinctive,distintivo
distinguish,distinguir
distinguished,distinguió
distort,distorsionar
distribute,distribuir
distributed,distribuyó
distributed,distribuido
distribution,distribución
district,distrito
districts,distritos
disturb,disturbio
diverse,diverso
divide,dividir
divided,dividió
divided,dividido
dividend,dividendo
dividends,dividendos
divine,divino
divinity,divinidad
division,división
divorce,divorcio
divorce,divorciar
doctor,doctor
doctors,doctores
doctrine,doctrina
doctrines,doctrinas
document,documento
document,documentar
documentation,documentación
documents,documentos
documents,documenta
dollar,dólar
dollars,dólares
domain,dominio
domestic,doméstico
domicile,domicilio
dominant,dominante
dominate,dominar
dominated,dominó
dominated,dominado
Dominican,Dominicano
Dominican,Republic
Dominicana,República
dominion,dominio
dominions,dominios
donation,donación
dose,dosis
double,doble
double,doblar
dozen,docena
Dr.,Dr.
Dr.,Dr.
drama,drama
dramatic,dramático
dramatically,dramáticamente
drug,droga
drugs,drogas
duel,duelo
duke,duque
duration,duración
during,durante
dynamic,dinámico
echo,eco
eco,.
eco,prefijo.
economic,económico
economical,económico
economically,económicamente
economics,economía
economies,economías
economist,economista
economy,economía
Ecuador,Ecuador
Ecuadorian,ecuatoriano
edit,editar
edited,editado
edition,edición
editions,ediciones
editor,editor
editorial,editorial
editorial,editorial
editorials,editoriales
educate,educar
educated,educado
educated,educó
education,educación
educational,educacional
effect,efecto
effective,efectivo
effectively,efectivamente
effectiveness,efectividad
effects,efectos
efficacious,eficaz
efficacy,eficacia
efficiency,eficiencia
efficient,eficiente
efficiently,eficientemente
effort,esfuerzo
efforts,esfuerzos
Egypt,Egipto
elaborate,elaborar
elaboration,elaboración
elastic,elástico
elect,elegir
elected,electo
elected,elegido
election,elección
elections,elecciones
electoral,electoral
electric,eléctrico
electrical,eléctrico
electricity,electricidad
electron,electrón
electronic,electrónico
elegance,elegancia
elegant,elegante
element,elemento
elements,elementos
elephant,elefante
elevated,elevado
elevates,eleva
elevator,elevador
eliminate,eliminar
embargo,embargo
embassy,embajada
emerge,emerger
emerged,emergió
emerged,emergido
emergency,emergencia
emotion,emoción
emotional,emocional
emotionally,emocionadamente
emotions,emociones
emperor,emperador
emperors,emperadores
emphasis,énfasis
emphasise,enfatizar
empirical,empírico
employ,emplear
employed,empleó
employed,empleado
employee,empleado
employees,empleados
employer,empleador
employers,empleadores
enamoured,enamorado
encounter,encuentro
encounter,encontrar
encountered,encontró
encountered,encontrado
encounters,encuentros
encounters,encuentra
enemies,enemigos
enemy,enemigo
energy,energía
engineer,ingeniero
engineers,ingenieros
England,Inglaterra
English,Inglés
enormous,enorme
enter,entrar
entered,entró
entered,entrado
entering,entrando
enters,entra
entertain,entretener
entertainer,entretenedor
entertaining,entretenido
entertainment,entretenimiento
enthusiasm,entusiasmo
enthusiastic,entusiástico
entire,entero
entirely,enteramente
entities,entidades
entity,entidad
entrance,entrada
envy,envidia
episode,episodio
epoch,época
epochs,épocas
equal,igual
equality,igualdad
equally,igualmente
equation,ecuación
equilibrium,equilibrio
equip,equipar
equipment,equipo
equipped,equipó
equipped,equipado
equivalent,equivalente
era,era
eras,eras
errant,errante
error,error
errors,errores
escape,escape
escape,escapar
escaped,escapó
especial,especial
especially,especialmente
essence,esencia
essential,esencial
essentially,esencialmente
establish,establecer
established,estableció
established,establecido
establishes,establece
establishing,estableciendo
establishment,establecimiento
establishments,establecimientos
estimate,estimado
estimate,estimar
estimated,estimó
estimated,estimado
estimates,estimados
estimates,estima
estimation,estimación
etc.,etc.
etcetera,etcétera
eternal,eterno
eternally,eternamente
eternity,eternidad
ethical,ético
ethics,ética
ethnic,étnico
Europe,Europa
European,europeo
Europeans,europeos
euros,euros
evaluate,evaluar
evaluation,evaluación
event,evento
events,eventos
evidence,evidencia
evidence,evidenciar
evident,evidente
evidential,evidente
evidently,evidentemente
evolution,evolución
exact,exacto
exactly,exactamente
exaggerate,exagerar
exam,examen
examination,examen
examine,examinar
examined,examinó
examined,examinado
example,ejemplo
examples,ejemplos
exceed,exceder
excellence,excelencia
excellent,excelente
except,excepto
exception,excepción
exceptions,excepciones
excess,exceso
excessive,excesivo
exclaimed,exclamó
exclamations,exclamaciones
exclude,excluir
excluding,excluyendo
exclusive,exclusivo
exclusively,exclusivamente
excuse,excusa
excuse,excusar
execute,ejecutar
execution,ejecución
executive,ejecutivo
exemplary,ejemplar
exercise,ejercicio
exercise,ejercitar
exercises,ejercicios
exhibit,exhibición
exhibit,exhibir
exhibition,exhibición
exigencies,exigencias
exile,exilio
exist,existir
existed,existió
existed,existido
existence,existencia
existing,existiendo
exists,existe
expand,expandir
expansion,expansión
expedition,expedición
experience,experiencia
experience,experimentar
experienced,experimentó
experienced,experimentado
experiences,experiencias
experiences,experimenta
experiment,experimento
experiment,experimentar
experimental,experimental
experiments,experimentos
experiments,experimenta
expert,experto
experts,expertos
explicate,explicar
explicated,explicó
explicates,explica
explicit,explicito
explode,explotar
exploit,explotar
exploitation,explotación
exploration,exploración
explore,explorar
explosion,explosión
explosive,explosivo
export,exportar
expose,exponer
exposed,expuso
exposed,expuesto
exposition,exposición
express,expresar
expressed,expresó
expressed,expresado
expresses,expresa
expression,expresión
expressions,expresiones
expressly,expresamente
extend,extender
extended,extenso
extended,extendió
extended,extendido
extends,extiende
extension,extensión
extensive,extensivo
exterior,exterior
external,externo
extra,extra
extract,extracto
extract,extraer
extraordinary,extraordinario
extreme,extremo
extremely,extremadamente
extremes,extremos
fabrication,fabricación
facilitate,facilitar
faction,facción
factor,factor
factors,factores
false,falso
fame,fama
familiar,familiar
families,familias
family,familia
famous,famoso
fantasies,fantasías
fantastic,fantástico
fantasy,fantasía
fascinating,fascinante
fatal,fatal
fatigue,fatiga
favour,favor
favour,favorecer
favourable,favorable
favourite,favorito
Feb.,feb.
February,febrero
federal,federal
federation,federación
felicity,felicidad
feminine,femenino
ferocious,feroz
festival,festival
fever,fiebre
fiction,ficción
fidelity,fidelidad
figure,figura
figures,figuras
film,film
film,filmar
films,filmes
films,filma
final,final
finale,final
finally,finalmente
finals,finales
finance,finanzas
finance,financiar
financial,financiero
financially,financieramente
firm,firme
firm,firma
firmly,firmemente
firmness,firmeza
firms,firmas
fiscal,fiscal
flexibility,flexibilidad
flexible,flexible
float,flotar
floating,flotando
floats,flota
flora,flora
fluctuate,fluctuar
fluid,fluido
football,fútbol
force,fuerza
force,forzar
forced,forzado
forced,forzó
forces,fuerzas
forces,fuerza
form,forma
form,formar
formal,formal
formally,formalmente
format,formato
format,formatear
formation,formación
formed,formó
formed,formado
formidable,formidable
forming,formando
forms,formas
forms,forma
formula,fórmula
formulate,formular
fortunate,afortunado
fortunately,afortunadamente
fortune,fortuna
found,fundar
foundation,fundación
founded,fundó
founded,fundado
fountain,fuente
fountains,fuentes
fraction,fracción
fraction,fraccionar
fragile,frágil
fragment,fragmentar
France,Francia
frank,franco
frankly,francamente
fraud,fraude
frequency,frecuencia
frequent,frecuente
frequently,frecuentemente
fresh,fresco
freshly,frescamente
front,frente
frontier,frontera
frontiers,fronteras
fruit,fruta
fruits,frutas
frustrate,frustrar
function,función
function,funcionar
functional,funcional
functions,funciones
functions,funciona
fund,fondo
fundament,fundamento
fundamental,fundamental
fundamentally,fundamentalmente
funds,fondos
funeral,funeral
furious,furioso
fury,furia
future,futuro
galleries,galerías
gallery,galería
gallon,galón
garage,garaje
gas,gas
gasoline,gasolina
gay,gay
gene,gen
general,general
generally,generalmente
generate,generar
generation,generación
generations,generaciones
generosity,generosidad
generous,generoso
generously,generosamente
genius,genio
genuine,genuino
genuinely,genuinamente
geography,geografía
German,alemán
Germany,Alemania
gesture,gesto
gestures,gestos
giant,gigante
giants,gigantes
gigantic,gigante
global,global
glory,gloria
goal,gol
goals,goles
golf,golf
govern,gobernar
governing,gobernando
government,gobierno
governmental,gubernamental
governments,gobiernos
governor,gobernador
grace,gracia
gradual,gradual
gradually,gradualmente
graduate,graduar
grain,grano
grains,granos
gram,gramo
grammar,gramática
graph,gráfico
gratitude,gratitud
grave,grave
gravity,gravedad
Greece,Grecia
group,grupo
group,agrupar
groups,grupos
groups,agrupa
guarantee,garantía
guarantee,garantizar
guarantees,garantías
guard,guardia
guardian,guardián
guardians,guardianes
guards,guardias
guerrilla,guerrilla
guide,guía
guide,guiar
guitar,guitarra
gulf,golfo
habit,hábito
habits,hábitos
habitual,habitual
hammock,hamaca
harmony,armonía
helicopter,helicóptero
hemisphere,hemisferio
hepatitis,hepatitis
herald,heraldo
herb,hierba
herbs,hierbas
hero,héroe
heroes,héroes
hey,hey
hierarchy,jerarquía
historian,historiador
historic,histórico
historical,histórico
history,historia
hobby,hobby
Holland,Holanda
homosexual,homosexual
honest,honesto
honestly,honestamente
honesty,honestidad
honour,honor
honourable,honorable
horizon,horizonte
horizontal,horizontal
horrible,horrible
horror,horror
hospital,hospital
hospitals,hospitales
hostile,hostil
hostilities,hostilidades
hotel,hotel
hotels,hoteles
hour,hora
hours,horas
human,humano
humanity,humanidad
humans,humanos
humid,húmedo
humidity,humedad
humiliation,humillación
humorous,humorístico/cómico
humour,humor
hurricane,huracán
hydrogen,hidrogeno
hypothesis,hipótesis
idea,idea
ideal,ideal
ideally,idealmente
ideals,ideales
ideas,ideas
identical,idéntico
identification,identificación
identified,identificó
identified,identificado
identify,identificar
identity,identidad
ideological,ideológico
ideology,ideología
idiot,idiota
idol,ídolo
ignorance,ignorancia
ignorant,ignorante
ignore,ignorar
ignored,ignoró
ignored,ignorado
illegal,ilegal
illegally,ilegalmente
illusion,ilusión
illusions,ilusiones
illustrate,ilustrar
illustrated,ilustró
illustrated,ilustrado
illustration,ilustración
image,imagen
images,imágenes
imaginary,imaginario
imagination,imaginación
imaginative,imaginativo
imagine,imaginar
imagined,imaginó
imagined,imaginado
imitate,imitar
immediate,inmediato
immediately,inmediatamente
immense,inmenso
immigrant,inmigrante
immigration,inmigración
immobile,inmóvil
immoral,inmoral
immortal,inmortal
impact,impacto
impact,impactar
impatience,impaciencia
impede,impedir
impedes,impide
imperial,imperial
implacable,implacable
implement,implemento
implement,implementar
implementation,implementación
implicates,implica
implication,implicación
implications,implicaciones
implicit,implícito
import,importar
importance,importancia
important,importante
importantly,importantemente
impose,imponer
imposed,impuso
imposed,impuesto
imposes,impone
impossible,imposible
impress,impresionar
impressed,impresionó
impressed,impresionado
impression,impresión
impressive,impresionante
impulse,impulso
impunity,impunidad
in,in
inability,inhabilidad
incapacity,incapacidad
incentive,incentivo
incidence,incidencia
incident,incidente
incidentally,incidentalmente
incline,inclinar
inclined,inclinó
inclined,inclinado
include,incluir
included,incluso
included,incluyó
included,incluido
includes,incluye
including,incluyendo
inclusion,inclusión
incorporate,incorporar
incredible,increíble
increment,incremento
indefinite,indefinido
indemnification,indemnización
independence,independencia
independent,independiente
independently,independientemente
index,índice
India,India
indicate,indicar
indicated,indicó
indicated,indicado
indicates,indica
indication,indicación
indifference,indiferencia
indifferent,indiferente
indigenous,indígena
indignation,indignación
indirect,indirecto
indirectly,indirectamente
indispensable,indispensable
individual,individual
individuals,individuales
induce,inducir
industrial,industrial
industries,industries
industry,industria
inevitable,inevitable
inevitably,inevitablemente
infantile,infantil
infect,infectar
infection,infección
infectious,infeccioso
infer,inferir
inferior,inferior
infinite,infinito
infinitive,infinitivo
infinity,infinito
inflation,inflación
influence,influencia
influence,influenciar/influir
influences,influencia/influye
influential,influyente
inform,informe
inform,informar
informal,informal
information,información
informed,informó
informed,informado
informs,informes
infraction,infracción
infractions,infracciones
infrastructure,infraestructura
ingredient,ingrediente
inherent,inherente
inhibit,inhibir
initial,inicial
initially,inicialmente
initiate,iniciar
initiated,inició
initiates,inicia
initiative,iniciativa
injustice,injusticia
innocence,inocencia
innocent,inocente
innovation,innovación
inquietude,inquietud
inscription,inscripción
insect,insecto
insert,insertar
insist,insistir
insisted,insistió
inspect,inspeccionar
inspection,inspección
inspector,inspector
inspiration,inspiración
install,instalar
installations,instalaciones
installed,instaló
instant,instante
instinct,instinto
instincts,instintos
institute,instituto
institute,instituir
institution,institución
institutional,institucional
institutions,instituciones
instruct,instruir
instruction,instrucción
instructions,instrucciones
instructors,instructores
instrument,instrumento
instrumental,instrumental
instruments,instrumentos
insult,insultar
insulting,insultando
integral,integral
integrate,integrar
integration,integración
integrity,integridad
intellectual,intelectual
intelligence,inteligencia
intelligent,inteligente
intense,intenso
intensity,intensidad
intention,intención
intentions,intenciones
interact,interactuar
interaction,interacción
interest,interés
interest,interesar
interested,interesado
interested,interesó
interested,interesado
interesting,interesante
interests,intereses
interests,interesa
interfere,interferir
interference,interferencia
interior,interior
intermediate,intermediario
interminable,interminable
intern,interno
internal,interno
international,internacional
Internet,Internet
interpret,interpretar
interpretation,interpretación
interpreted,interpretó
interpreted,interpretado
interrupt,interrumpir
interrupted,interrumpió
interruption,interrupción
interrupts,interrumpe
interval,intervalo
intervene,intervenir
intervention,intervención
intrinsic,intrínsico
introduce,introducir
introduced,introdujo
introduced,introducido
introduction,introducción
invade,invadir
invariably,invariablemente
invasion,invasión
invent,inventar
invented,inventó
invented,inventado
invention,invención
inventory,inventario
investigate,investigar
investigation,investigación
investigations,investigaciones
invisible,invisible
invitation,invitación
invite,invitar
invited,invitó
invited,invitado
invoke,invocar
involve,envolver
involved,envolvió
involved,envuelto
involves,envuelve
involving,envolviendo
irony,ironía
irritated,irritado
is,es
island,isla
islands,islas
Israel,Israel
Italian,Italiano
Italians,Italianos
Italy,Italia
item,ítem
items,ítems
Japan,Japón
jazz,jazz
jean,jean
jeans,jeans
Jesus,Jesús
jet,jet
judge,juez
judge,juzgar
judged,juzgado
judges,jueces
judges,juzga
judicial,judicial
judo,judo
July,julio
June,junio
junior,júnior
juridical,jurídico
jurisdiction,jurisdicción
justice,justicia
justified,justificó
justified,justificado
justify,justificar
kilo,kilo
kilogram,kilogramo
kilometre,kilómetro
kilometres,kilómetros
lab.,lab.
laboratory,laboratorio
labour,labor
labyrinth,laberinto
lament,lamento
lamp,lámpara
lamps,lámparas
language,lenguaje
languages,lenguajes
Latin,Latino
leader,líder
leaders,líderes
league,liga
legacy,legado
legal,legal
legally,legalmente
legend,leyenda
legends,leyendas
legislate,legislar
legislation,legislación
legislative,legislativo
legislature,legislatura
lemon,limón
lesson,lección
lessons,lecciones
letter,letra
letters,letras
level,nivel
levels,niveles
liberal,liberal
liberate,liberar
liberation,liberación
liberty,libertad
licence,licencia
license,licencia
limit,limite
limit,limitar
limitation,limitación
limitations,limitaciones
limited,limitó
limited,limitado
limits,limites
limits,limita
line,línea
lines,líneas
linguistic,lingüístico
lion,león
lions,leones
liquid,liquido
list,lista
list,enlistar
listed,enlistó
listed,enlistado
lists,listas
lists,enlista
literally,literalmente
literary,literario
literature,literatura
litre,litro
lobby,lobby
local,local
locally,localmente
location,locación
logical,lógico
logics,lógica
lucid,lucidez
lunch,lunch
machinery,maquinaria
magic,mágico
magic,magia
magical,mágico
magician,mago
magistrates,magistrados
magnanimous,magnánimo
magnetic,magnético
magnificent,magnificente
magnitude,magnitud
maintain,mantener
maintained,mantuvo
maintained,mantenido
maintaining,manteniendo
maintains,mantiene
maize,maíz
majesty,majestad
major,mayor
majority,mayoría
malice,malicia
mama,mamá
mambo,mambo
mammy,mami
mandate,mandar
mandated,mandó
mandated,mandado
mandates,manda
mania,manía
manifest,manifiesto
manifestation,manifestación
manifestations,manifestaciones
manipulate,manipular
manna,maná
manner,manera
manners,maneras
mansion,mansión
manual,manual
manufacture,manufacturar
manufacturer,manufacturador
manufacturers,manufacturadores
manufacturing,manufacturando
map,mapa
march,marcha
March,marzo
march,marchar
marched,marchó
marches,marcha
margin,margen
marginal,marginal
marine,marino
mariners,marineros
mark,marca
mark,marcar
marked,marcó
marked,marcado
marker,marcador
marketing,marketing
marks,marcas
marks,marca
marvellous,maravilloso
mass,masa
masses,masas
massive,masivo
material,material
materials,materiales
mathematical,matemático
mathematics,matemáticas/matemática
matrimony,matrimonio
maturity,madurez
maximum,máximo
May,mayo
mechanical,mecánico
mechanism,mecanismo
mechanisms,mecanismos
medical,medico
medicaments,medicamentos
medicine,medicina
medieval,medieval
medium,médium
medusa,medusa
melancholia,melancolía
melody,melodía
member,miembro
members,miembros
memories,memorias
memory,memoria
menace,amenaza
menaces,amenazas
mental,mental
mentally,mentalmente
mention,mencionar
mentioned,mencionó
mentioned,mencionado
menu,menú
message,mensaje
messages,mensajes
messenger,mensajero
Messiah,Mesías
metal,metal
metals,metales
method,método
methods,métodos
metre,metro
metres,metros
Mexico,México
microscope,microscopio
migrate,migrar/emigrar
migration,migración/emigración
military,militar
milligram,miligramo
millilitre,mililitro
million,millón
millions,millones
mine,mina
miner,minero
mineral,mineral
mines,minas
minimal,mínimo
minimise,minimizar
minimum,mínimo
minister,ministro
ministers,ministros
ministry,ministerio
minor,menor
minority,minoría
minus,menos
minute,minuto
minutes,minutos
miserable,miserable
misery,miseria
missile,misil
mission,misión
mobile,móvil
mode,modo
model,modelo
model,modelar
models,modelos
models,modela
moderate,moderar
modern,moderno
modes,modos
modest,modesto
modify,modificar
module,modulo
molecule,molécula
moment,momento
moments,momentos
monastery,monasterio
monetary,monetario
monitor,monitor
monitor,monitorear
monster,monstruo
monuments,monumentos
moral,moral
morality,moralidad
morally,moralmente
mortal,mortal
motivate,motivar
motive,motivo
motives,motivos
motor,motor
motorcycle,motocicleta
mountain,montaña
mountains,montañas
move,mover
moved,movió
moved,movido
movement,movimiento
movements,movimientos
moves,mueve
moving,moviendo
much,mucho
mule,mula
mules,mulas
multiple,múltiple
multiples,múltiples
multiply,multiplicar
multitude,multitud
murmur,murmullo
murmured,murmuró
muscle,músculo
muscles,músculos
museum,museo
music,música
musical,musical
musician,músico
musicians,músicos
mutual,mutuo
mutually,mutuamente
my,mi
mysteries,misterios
mysterious,misterioso
mystery,misterio
myth,mito
narration,narración
narrator,narrador
nation,nación
national,nacional
nationalism,nacionalismo
nationalist,nacionalista
nationally,nacionalmente
nations,naciones
native,nativo
natural,natural
naturally,naturalmente
naval,naval
navigation,navegación
necessarily,necesariamente
necessary,necesario
necessities,necesidades
necessity,necesidad
negate,negar
negated,negó
negates,niega
negative,negativo
negotiate,negociar
negotiation,negociación
negotiations,negociaciones
nerve,nervio
nerves,nervios
nervous,nervioso
nervously,nerviosamente
net,neto
neutral,neutral
New,York
Nueva,Zelanda
no,no
noble,noble
normal,normal
normally,normalmente
north,norte
nostalgia,nostalgia
not,no
notable,notable
notably,notablemente
note,nota
note,anotar
noted,anotó
noted,anotado
notes,notas
notes,anota
noticeable,notable
notification,notificación
notion,noción
No,no
novel,novela
novels,novelas
November,noviembre
nuclear,nuclear
nude,desnudo
nullity,nulidad
number,numero
numbers,números
numerous,numeroso
obedience,obediencia
obedient,obediente
obelisk,obelisco
object,objeto
object,objetar
objection,objeción
objective,objetivo
objectives,objetivos
objects,objetos
objects,objeta
obligated,obligó
obligated,obligado
obligates,obliga
obligation,obligación
obligations,obligaciones
obligatory,obligatorio
oblige,obligar
obscurity,oscuridad
observation,observación
observations,observaciones
observe,observar
observed,observó
observed,observado
observer,observador
observes,observa
observing,observando
obstacle,obstáculo
obstacles,obstáculos
obtain,obtener
obtained,obtuvo
obtained,obtenido
obtains,obtiene
obvious,obvio
obviously,obviamente
occasion,ocasión
occasional,ocasional
occasionally,ocasionalmente
occasions,ocasiones
occident,occidente
occidental,occidental
occult,oculto
occupation,ocupación
occupied,ocupó
occupied,ocupado
occupies,ocupa
occupy,ocupar
occur,ocurrir
occurred,ocurrió
occurred,ocurrido
occurs,ocurre
ocean,océano
Oct.,oct.
October,octubre
offence,ofensa
offend,ofender
offense,ofensa
offensive,ofensivo
offensive,ofensiva
offer,oferta
offer,ofrecer
offered,ofreció
offered,ofrecido
offering,ofreciendo
offers,ofertas
offers,ofrece
office,oficina
officer,oficial
officers,oficiales
offices,oficinas
official,oficial
officially,oficialmente
officials,oficiales
ok,OK
okay,okay
omission,omisión
omit,omitir
on,en
opera,opera
operate,operar
operated,operó
operated,operado
operating,operando
operation,operación
operational,operacional
operations,operaciones
operator,operador
opinion,opinión
opinions,opiniones
opponent,oponente
opportunities,oportunidades
opportunity,oportunidad
oppose,oponer
opposed,opuso
opposed,opuesto
opposing,oponiendo
opposite,opuesto
opposition,oposición
option,opción
options,opciones
or,o
oral,oral
orbit,orbita
order,orden
order,ordenar
ordered,ordenó
ordered,ordenado
orders,ordenes
orders,ordena
ordinary,ordinario
organ,órgano
organic,orgánico
organisation,organización
organisational,organizacional
organisations,organizaciones
organise,organizar
organised,organizó
organised,organizado
organism,organismo
organisms,organismos
organs,órganos
oriental,oriental
orientation,orientación
origin,origen
original,original
originally,originalmente
oxygen,oxigeno
p.m.,p.m.
pace,paso
paces,pasos
pack,paquete
package,paquete
packet,paquete
pact,pacto
page,pagina
pages,paginas
paint,pintura
paint,pintar
painted,pintó
painted,pintado
painter,pintor
paints,pinta
pair,par
pairs,pares
palace,palacio
palaces,palacios
pallid,pálido
palm,palma
palms,palmas
Panama,Panamá
panel,panel
panic,pánico
pants,pantalones
papa,papá
paper,papel
papers,papeles
paradise,paraíso
paragraph,párrafo
parallel,paralelo
parameter,parámetro
pardon,perdón
park,parque
park,parquear
parked,parqueó
parked,parqueado
parking,parqueando
parliament,parlamento
parliamentary,parlamentario
part,parte
partial,parcial
partially,parcialmente
participant,participante
participate,participar
participation,participación
particle,partícula
particular,particular
particularly,particularmente
parts,partes
pass,pasar
passage,pasaje
passed,pasó
passed,pasado
passenger,pasajero
passengers,pasajeros
passes,pasa
passing,pasando
passion,pasión
passions,pasiones
passive,pasivo
passport,pasaporte
past,pasado
pastor,pastor
pastors,pastores
patience,paciencia
patient,paciente
patients,pacientes
patio,patio
patios,patios
patrimony,patrimonio
pause,pausa
pause,pausar
paused,pausó
paused,pausado
peculiar,peculiar
penal,penal
pendant,pendiente
pendants,pendientes
pending,pendiente
pension,pensión
pensions,pensiones
penumbra,penumbra
per,por
perceive,percibir
percent,por ciento
percentage,porcentaje
perception,percepción
peregrinators,peregrinos
perfect,perfecto
perfect,perfeccionar
perfection,perfección
perfectly,perfectamente
perfume,perfume
period,periodo
periodic,periódico
periods,periodos
permanent,permanente
permanently,permanentemente
permission,permiso
permit,permiso
permit,permitir
permits,permite
permitted,permitió
permitted,permitido
persecution,persecución
Persians,persas
persist,persistir
person,persona
personage,personaje
personal,personal
personality,personalidad
personally,personalmente
personnel,personal
persons,personas
perspective,perspectiva
persuade,persuadir
persuaded,persuadió
persuaded,persuadido
Peru,Perú
pest,peste
petroleum,petróleo
phantasm,fantasma
phase,fase
phenomena,fenómeno
phenomenon,fenómeno
philosophers,filósofos
philosophical,filosófico
philosophy,filosofía
photo,foto
photograph,fotografía
photograph,fotografiar
photographer,fotógrafo
photographs,fotografías
photographs,fotografía
photography,fotografía
photos,fotos
phrase,frase
phrases,frases
physical,físico
physically,físicamente
physics,física
piano,piano
piece,pieza
pieces,piezas
pile,pila
pile,apilar
pillar,pilar
pilot,piloto
pine,pino
pipe,pipa
pistol,pistola
plan,plan
plan,planear
plane,plano
planet,planeta
planned,planeó
planned,planeado
planning,planeando
plans,planes
plans,planea
plant,planta
plant,plantar
plants,plantas
plants,planta
plastic,plástico
plate,plato
plates,platos
platform,plataforma
plaza,plaza
plenitude,plenitud
plural,plural
poem,poema
poems,poemas
poet,poeta
poetic,poético
poetry,poesía
poets,poetas
point,punto
points,puntos
pole,polo
police,policía
political,político
politically,políticamente
politician,político
politicians,políticos
politics,política
pop,pop
Pope,Papa
Pope,Papa
popular,popular
popularity,popularidad
population,población
port,puerto
portal,portal
portion,porción
ports,puertos
pose,pose
pose,posar
posed,posó
position,posición
position,posicionar
positions,posiciones
positions,posiciona
positive,positivo
positively,positivamente
possess,poseer
possesses,posee
possession,posesión
possessions,posesiones
possibilities,posibilidades
possibility,posibilidad
possible,posible
possibly,posiblemente
post,poste
poster,póster
postpone,posponer
posts,postes
posture,postura
potato,patata
potency,potencia
potential,potencial
potentially,potencialmente
power,poder
powers,poderes
practical,practico
practically,prácticamente
practice,practica
practices,practicado
practise,practicar
precede,preceder
precedent,precedente
precedents,precedentes
precious,precioso
precise,preciso
precisely,precisamente
precision,precisión
predict,predecir
prefer,preferir
preference,preferencia
preferred,prefirió
preferred,preferido
prefers,prefiere
preliminary,preliminar
premium,premium
preoccupation,preocupación
preoccupations,preocupaciones
preoccupied,preocupado
preoccupies,preocupa
preparation,preparación
prepare,preparar
prepared,preparó
prepared,preparado
prepares,prepara
preparing,preparando
prescription,prescripción
presence,presencia
present,presente
present,presentar
presentation,presentación
presented,presentó
presented,presentado
presently,en el presente
presents,presentes
presents,presenta
preservation,preservación
preserve,preservar
presidency,presidencia
president,presidente
presidential,presidencial
press,presionar
pressed,presionó
pressed,presionado
prestige,prestigio
presumably,presumiblemente
presume,presumir
pretend,pretender
pretends,pretende
pretext,pretexto
prevention,prevención
previous,previo
previously,previamente
price,precio
prices,precios
primarily,primariamente
primary,primario
prime,minister
primer,ministro
prince,príncipe
princes,príncipes
princess,princesa
principal,principal
principally,principalmente
principle,principio
principles,principios
priorities,prioridades
priority,prioridad
prison,prisión
prisoner,prisionero
prisoners,prisioneros
private,privado
privately,privadamente
privilege,privilegio
privilege,privilegiar
privileges,privilegios
probability,probabilidad
probable,probable
probably,probablemente
problem,problema
problems,problemas
procedure,procedimiento
procedures,procedimientos
proceed,proceder
proceeding,procediendo
proceeds,procede
process,proceso
process,procesar
processes,procesos
processes,procesa
processing,procesando
produce,producir
produced,produjo
produced,producido
producer,productor
produces,produce
producing,produciendo
product,producto
production,producción
productive,productivo
productivity,productividad
products,productos
profession,profesión
professional,profesional
professionals,profesionales
professor,profesor
professors,profesores
profound,profundo
profoundly,profundamente
profundity,profundidad
program,programa
program,programar
programme,programa
programme,programar
programmes,programas
programs,programas
progress,progreso
progress,progresar
prohibit,prohibir
prohibited,prohibido
prohibition,prohibición
project,proyecto
project,proyectar
projection,proyección
projects,proyectos
projects,proyecta
prominent,prominente
promise,promesa
promise,prometer
promised,prometió
promised,prometido
promises,promesas
promote,promover
promotion,promoción
prompt,pronto
promptly,prontamente
pronounce,pronunciar
pronounced,pronunciado
pronunciation,pronunciación
properties,propiedades
property,propiedad
prophet,profeta
prophets,profetas
proportion,proporción
proportions,proporciones
propose,proponer
proposed,propuso
proposed,propuesto
proposes,propone
proprietaries,propietarios
proprietary,propietario
prospect,prospecto
prospective,prospectivo/prospecto
prospects,prospectos
prosperity,prosperidad
protagonist,protagonista
protect,proteger
protected,protegió
protected,protegido
protection,protección
protective,protector
protein,proteína
protest,protesta
protest,protestar
protocol,protocolo
prove,probar
proved,probó
proved,probado
proves,prueba
provide,proveer
provided,proveyó
provided,provisto
providence,providencia
provides,provee
providing,proveyendo
province,provincia
provinces,provincias
provincial,provincial
provision,provisión
provisions,provisiones
provoke,provocar
provokes,provoca
prudence,prudencia
prudent,prudente
psychological,psicológico
psychology,psicología
public,público
publication,publicación
publications,publicaciones
publicity,publicidad
publicly,públicamente
publish,publicar
published,publicó
published,publicado
publisher,publicador
publishes,publica
publishing,publicando
pudding,pudín
pupils,pupilas
pure,puro
purely,puramente
purity,pureza
qualified,calificó
qualified,calificado
qualify,calificar
qualities,cualidades
quality,calidad
quality,cualidad
quantities,cantidades
quantity,cantidad
quart,cuarto
quarter,cuarto
quarters,cuartos
quarts,cuartos
questionnaire,cuestionario
quiet,quieto
quietly,quietamente
quotidian,cotidiano
rabies,rabia
race,raza
racial,racial
radiation,radiación
radical,radical
radio,radio
ranch,rancho
rancour,rencor
rank,rango
rapid,rápido
rapidity,rapidez
rapidly,rápidamente
rare,raro
rat,rata
ratio,radio
rational,racional
ray,rayo
rays,rayos
react,reaccionar
reaction,reacción
reactions,reacciones
real,real
realistic,realista
reality,realidad
really,realmente
reason,razón
reason,razonar
reasonable,razonable
reasonably,razonablemente
reasoning,razonando
reasons,razones
reasons,razona
rebel,rebelde
receive,recibir
received,recibió
received,recibido
receives,recibe
receiving,recibiendo
recent,reciente
recently,recientemente
reception,recepción
recession,recesión
recognise,reconocer
recognised,reconoció
recognised,reconocido
recognises,reconoce
recognition,reconocimiento
recommend,recomendar
recommendation,recomendación
recommendations,recomendaciones
recommended,recomendó
recommended,recomendado
recompense,recompensa
record,record
recover,recobrar
recovery,recobro
recruit,reclutar
recruitment,reclutamiento
recuperate,recuperar
recuperation,recuperación
reduce,reducir
reduced,redujo
reduced,reducido
reducing,reduciendo
reduction,reducción
redundancy,redundancia
refer,referir
reference,referencia
referred,refirió
referred,referido
refers,refiere
reflect,reflejar
reflected,reflejó
reflected,reflejado
reflection,reflexión
reflections,reflexiones
reflects,refleja
reflex,reflejo
reform,reforma
reform,reformar
reformed,reformado
reforms,reformas
refrigerator,refrigerador
refuge,refugio
refugee,refugiado
regime,régimen
region,región
regional,regional
regions,regiones
register,registro
register,registrar
registered,registró
registered,registrado
registers,registros
registration,registro
regular,regular
regularly,regularmente
regulate,regular
regulation,regulación
regulations,regulaciones
rehabilitation,rehabilitación
reinforce,reforzar
relation,relación
relations,relaciones
relationship,relación
relationships,relaciones
relative,relativo
relatively,relativamente
relax,relax
relax,relajarse
relaxed,se relajó
relaxed,relajado
relaxing,relajándose
relevance,relevancia
relevant,relevante
religion,religión
religious,religioso
remedies,remedios
remedy,remedio
remote,remoto
remove,remover
removed,removió
removed,removido
remuneration,remuneración
renounce,renunciar
renounces,renuncia
rent,renta
rent,arrendar
rented,arrendó
rents,rentas
repair,reparación
repair,reparar
repeat,repetir
repeated,repitió
repeated,repetido
repeatedly,repetidamente
repeats,repite
replace,reemplazar
replaced,reemplazó
replaced,reemplazado
report,reporte
report,reportar
reported,reportó
reported,reportado
reporter,reportero
reports,reportes
reports,reporta
represent,representar
representation,representación
representative,representativo
representative,representante
representatives,representantes
represented,representó
represented,representado
representing,representando
represents,representa
reproduce,reproducir
reproduction,reproducción
republic,república
republican,republicano
republics,repúblicas
reputation,reputación
require,requerir
required,requirió
required,requerido
requirement,requerimiento
requirements,requerimientos
requires,requiere
requisites,requisitos
reservation,reservación
reserve,reserva
reserve,reservar
reserves,reservas
reserves,reserva
residence,residencia
resident,residente
residential,residencial
residents,residentes
resist,resistir
resistance,resistencia
resolution,resolución
resolve,resolver
resolved,resolvió
resolved,resuelto
respect,respeto
respect,respetar
respectable,respetable
respective,respectivo
respectively,respectivamente
respiration,respiración
respire,respirar
respond,responder
responded,respondió
responded,respondido
responding,respondiendo
responds,responde
response,respuesta
responses,respuestas
responsibilities,responsabilidades
responsibility,responsabilidad
responsible,responsable
rest,resto
restaurant,restaurante
restitution,restitución
restoration,restauración
restore,restaurar
restrict,restringir
restricted,restringió
restricted,restringido
restriction,restricción
restrictions,restricciones
result,resultado
result,resultar
resulted,resultó
resulted,resultado
resulting,resultando
results,resultados
results,resulta
resurrection,resurrección
retain,retener
retained,retuvo
retained,retenido
retire,retirar
retired,retiró
retired,retirado
return,retorno
return,retornar
returned,retornó
returned,retornado
returning,retornando
reunion,reunión
reunions,reuniones
reveal,revelar
revealed,reveló
revealed,revelado
revelation,revelación
reverse,reverso
revise,revisar
revision,revisión
revolution,revolución
revolutionary,revolucionario
revolutionist,revolucionario
revolutionists,revolucionarios
rhymes,rimas
rhythm,ritmo
rich,rico
ridicule,ridículo
ridiculous,ridículos
rigid,rígido
rigor,rigor
ritual,ritual
rival,rival
rival,rivalizar
rob,robar
robbed,robado
robbery,robo
rock'n'roll,rock'n'roll
rock,roca
rock,rock
rocks,rocas
role,rol
roles,roles
roll,rollo
Roman,romano
romance,romance
romantic,romántico
Rome,Roma
rosary,rosario
rose,rosa
roses,rosas
route,ruta
routes,rutas
routine,rutina
rude,rudo
rudely,rudamente
rugby,rugby
ruin,ruina
ruin,arruinar
ruined,arruinó
ruined,arruinado
ruins,ruinas
rumour,rumor
rumour,rumorar
rumours,rumores
rural,rural
Russia,Rusia
Russian,Ruso
sack,saco
sacrifice,sacrificio
sacrifice,sacrificar
sacrifices,sacrificios
saint,santo
salad,ensalada
salaries,salarios
salary,salario
saloon,salón
saloons,salones
salt,sal
salute,saludo
saluted,saludó
Salvador,El
Salvador,El
salvation,salvación
sanction,sanción
sanctions,sanciones
sandwich,sándwich
satellite,satélite
satisfaction,satisfacción
satisfactory,satisfactorio
satisfied,satisfizo
satisfied,satisfecho
satisfy,satisfacer
satisfying,satisfaciendo
save,salvar
saved,salvo
saved,salvó
saved,salvado
saving,salvando
scale,escala
scandal,escándalo
scenario,escenario
scene,escena
scenery,escenario
scenes,escenas
science,ciencia
sciences,ciencias
scientific,científico
scientist,científico
scientists,científicos
scripture,escritura
sculpture,escultura
second,segundo
secondary,secundario
seconds,segundos
secret,secreto
secretary,secretario
secretly,secretamente
secrets,secretos
section,sección
sections,secciones
sector,sector
sectors,sectores
secure,seguro
security,seguridad
segment,segmento
segment,segmentar
select,seleccionar
selected,seleccionó
selected,seleccionado
selection,selección
seminar,seminario
seminars,seminarios
senate,senado
senator,senador
sensation,sensación
sensitive,sensitivo
sensitivity,sensitividad
sentence,sentencia
sentence,sentenciar
sentiment,sentimiento
sentiments,sentimientos
separate,separar
separate,separar
separated,separó
separated,separado
separately,separadamente
separation,separación
Sept.,sept.
September,septiembre
sepulchre,sepulcro
sepulture,sepultura
sequence,secuencia
serene,sereno
serenity,serenidad
sergeant,sargento
series,serie
serious,serio
seriously,seriamente
seriousness,seriedad
serpent,serpiente
servant,sirviente
servants,sirvientes
serve,servir
served,sirvió
served,servido
serves,sirve
service,servicio
services,servicios
serving,sirviendo
session,sesión
severe,severo
severely,severamente
sex,sexo
sexual,sexual
sexuality,sexualidad
sexually,sexualmente
shock,shock
show,show
shows,shows
sign,signo
significance,significado
significant,significativo
significantly,significativamente
signifies,significa
signs,signos
silence,silencio
silence,silenciar
silent,silencioso
silently,silenciosamente
similar,similar
similarity,similitud
similarly,similarmente
simple,simple
simplicity,simplicidad
simply,simplemente
simultaneously,simultáneamente
sincere,sincero
sincerely,sinceramente
singular,singular
site,sitio
sites,sitios
situate,situar
situated,situó
situated,situado
situation,situación
situations,situaciones
skeleton,esqueleto
social,social
socialism,socialismo
socialist,socialista
socially,socialmente
societies,sociedades
society,sociedad
sociology,sociología
sofa,sofá
software,software
soldier,soldado
soldiers,soldados
solemn,solemne
solemnity,solemnidad
solid,sólido
solidarity,solidaridad
solitary,solitario
solution,solución
solutions,soluciones
sonnet,soneto
sophisticated,sofisticado
soul,soul música
soup,sopa
south,sur
sovereign,soberano
Soviet,Soviético
space,espacio
spaces,espacios
Spain,España
Spanish,español
special/especial,especial
specialise,especializar
specialist,especialista
specialists,especialistas
specially/especially,especialmente
specie,especie
species,especies
specific,especifico
specifically,específicamente
specified,especificó
specified,especificado
specify,especificar
spectacular,espectacular
spectator,espectador
sphere,esfera
spirit,espíritu
spirits,espíritus
spiritual,espiritual
splendid,esplendido
splendour,esplendor
sponsor,sponsor
sport,deporte
sports,deportes
spouse,esposa
spouses,esposas
spray,spray
stability,estabilidad
stable,estable
stadium,estadio
staff,staff
stamp,estampilla
stamp,estampar
standard,estándar
standards,estándares
state,estado
states,estados
station,estación
stations,estaciones
statistic,estadístico
statistical,estadístico
statistics,estadística/estadísticas
statue,estatua
statues,estatuas
status,status
statute,estatuto
statutes,estatutos
statutory,estatutario
stimulate,estimular
stock,stock
stomach,estomago
stories,historias
story,historia
strategic,estratégico
strategies,estrategias
strategy,estrategia
stratum,estrato
stress,stress/estrés
stress,estresar
stressed,estresó
stressed,estresado
strict,estricto
strictly,estrictamente
structural,estructural
structure,estructura
structure,estructurar
structures,estructuras
structures,estructura
student,estudiante
students,estudiantes
studied,estudió
studied,estudiado
studies,estudios
studies,estudia
studio,estudio
study,estudio
study,estudiar
studying,estudiando
stupid,estúpido
style,estilo
styles,estilos
subject,estudio
submission,sumisión
subordinate,subordinar
subsequent,subsecuente
subsequently,subsecuentemente
subsidy,subsidio
substance,substancia
substantial,substancial
substantially,substancialmente
substitute,substituto
substitute,substituir/sustituir
succession,sucesión
successive,sucesivo
successor,sucesor
suffer,sufrir
suffered,sufrió
suffered,sufrido
suffering,sufriendo
suffers,sufre
sufficient,suficiente
sufficiently,suficientemente
sugar,azúcar
suggest,sugerir
suggested,sugirió
suggested,sugerido
suggesting,sugiriendo
suggestion,sugerencia
suggestions,sugerencias
suggests,sugiere
suicide,suicidio
suite,suite
sum,suma
sum,sumar
summary,sumario
super,súper
superior,superior
superiority,superioridad
supermarket,supermercado
supplement,suplemento
supplement,suplementar
support,soporte
suppose,suponer
supposed,supuso
supposed,supuesto
supposes,supone
supreme,supremo
surprise,sorpresa
survive,sobrevivir
suspect,sospecho
suspect,sospechar
suspects,sospecha
suspend,suspender
suspended,suspendió
suspended,suspendido
suspension,suspensión
sustain,sostener
sustains,sostiene
switch,switch
symbol,símbolo
symbolic,simbólico
symbols,símbolos
symptom,síntoma
symptoms,síntomas
system,sistema
systematic,sistemático
systems,sistemas
table,tabla
tables,tablas
tablet,tableta
talent,talento
talents,talentos
tango,tango
tank,tanque
taxi,taxi
tea,té
technical,técnico
technically,técnicamente
technique,técnica
techniques,técnicas
technology,tecnología
telephone,teléfono
telephone,telefonear
telephones,teléfonos
television,televisión
temperature,temperatura
tempest,tempestad
temple,templo
temples,templos
temporal,temporal
temporarily,temporalmente
temporary,temporal
tempt,tentar
temptation,tentación
tendencies,tendencias
tendency,tendencia
tennis,tenis
tense,tenso
tension,tensión
terminal,terminal
terminate,terminar
terminated,terminó
terminated,terminado
terminates,termina
terrain,terreno
terrains,terrenos
terrible,terrible
terribly,terriblemente
territory,territorio
terror,terror
terrorism,terrorismo
terrorist,terrorista
terrorists,terroristas
test,test
testament,testamento
testimony,testimonio
tests,tests
text,texto
texts,textos
theatre,teatro
theatrical,teatral
theme,tema
themes,temas
theoretical,teórico/teorético
theories,teorías
theory,teoría
therapy,terapia
thesis,tesis
throne,trono
ticket,ticket
tickets,tickets
timidity,timidez
title,titulo
titles,títulos
toast,tostada
toast,tostar
tobacco,tabaco
tomato,tomate
tomb,tumba
ton,tonelada
tone,tono
tons,toneladas
topic,tópico
torment,tormento
torture,tortura
total,total
total,totalizar
totality,totalidad
totally,totalmente
tour,tour
tourism,turismo
tourist,turista
tourists,turistas
tournament,torneo
tradition,tradición
traditional,tradicional
traditionally,tradicionalmente
traditions,tradiciones
traffic,tráfico
tragedy,tragedia
tragic,trágico
train,tren
trains,trenes
traitor,traidor
trance,trance
tranquil,tranquilo
tranquillity,tranquilidad
transaction,transacción
transactions,transacciones
transfer,transferencia
transfer,transferir
transferred,transfirió
transferred,transferido
transform,transformar
transformation,transformación
transformed,transformado
transit,tránsito
transition,transición
transmission,transmisión
transmit,transmitir
transparent,transparente
transport,transporte
transport,transportar
transportation,transportación
trap,trampa
trap,atrapar
treatment,tratamiento
tremendous,tremendo
triangle,triangulo
tribe,tribu
tribes,tribus
tribunal,tribunal
tribunals,tribunales
tribune,tribuna
tributary,tributario
tribute,tributo
tributes,tributos
triumph,triunfo
triumph,triunfar
troop,tropa
troops,tropas
tropical,tropical
tube,tubo
tumult,tumulto
tunnel,túnel
tutor,tutor
TV,TV
type,tipo
type,tipear
types,tipos
types,tipea
typical,típico
typically,típicamente
tyrant,tirano
ultimate,ultimo
unacceptable,inaceptable
unconscious,inconciente
uncontrolled,incontrolado
uniform,uniforme
uniform,uniforme
union,unión
unions,uniones
unique,único
unit,unidad
unite,unir
united,unió
united,unido
units,unidades
unity,unidad
universal,universal
universe,universo
universities,universidades
university,universidad
unnecessary,innecesario
unreasonable,irrazonable
unusual,inusual
urban,urbano
urge,urgir
urged,urgió
urged,urgido
urgency,urgencia
urgent,urgente
usage,uso
use,uso
use,usar
used,usó
used,usado
user,usuario
users,usuarios
uses,usos
uses,usa
using,usando
usual,usual
usually,usualmente
usufruct,usufructo
utilisation,utilización
utilise,utilizar
utilised,utilizado
utilises,utiliza
utilising,utilizando
vacation,vacación
vacations,vacaciones
vague,vago
valiant,valiente
valid,válido
valley,valle
valuable,valioso
valuation,valuación/avalúo
value,valor
values,valores
vanity,vanidad
vapour,vapor
variable,variable
variables,variables
variance,variación
variant,variante
variation,variación
variations,variaciones
varied,varió
varied,variado
variety,variedad
various,varios
vary,variar
varying,variando
vast,vasto
vegetable,vegetal
vehicle,vehiculo
vehicles,vehículos
vein,vena
veins,venas
velocity,velocidad
vendor,vendedor
Venezuela,Venezuela
vengeance,venganza
verb,verbo
verbal,verbal
verify,verificar
verse,verso
verses,versos
version,versión
vertical,vertical
via,vía
vice,vice
victim,victima
victims,victimas
victories,victorias
victory,victoria
video,video
vigilance,vigilancia
vigour,vigor
violate,violar
violation,violación
violence,violencia
violent,violento
violently,violentamente
violet,violeta
virgin,virgen
virtual,virtual
